"iso_code","continent","location","date","total_cases","new_cases","new_cases_smoothed","total_deaths","new_deaths","new_deaths_smoothed","total_cases_per_million","new_cases_per_million","new_cases_smoothed_per_million","total_deaths_per_million","new_deaths_per_million","new_deaths_smoothed_per_million","new_tests","total_tests","total_tests_per_thousand","new_tests_per_thousand","new_tests_smoothed","new_tests_smoothed_per_thousand","tests_per_case","positive_rate","tests_units","stringency_index","population","population_density","median_age","aged_65_older","aged_70_older","gdp_per_capita","extreme_poverty","cardiovasc_death_rate","diabetes_prevalence","female_smokers","male_smokers","handwashing_facilities","hospital_beds_per_thousand","life_expectancy"
"FRA","Europe","France","11/1/2022 12:00:00 AM","36875772.000","63.000","21009.571","157063.000","","","543786.177","0.929","309.816","2316.119","","","","","","","","","","","","","67813000.000","122.578","42.000","19.718","13.079","38605.671","","86.060","4.770","30.100","35.600","","","82.660"
"MLT","Europe","Malta","11/1/2022 12:00:00 AM","115372.000","23.000","18.429","808.000","0.000","0.000","216338.861","43.128","34.556","1515.115","0.000","0.000","","","","","","","","","","11.110","533293.000","1454.037","42.400","19.426","11.324","36513.323","0.200","168.711","8.830","20.900","30.200","","","82.530"
"ISL","Europe","Iceland","11/1/2022 12:00:00 AM","206571.000","215.000","30.714","219.000","6.000","0.857","553953.709","576.557","82.365","587.284","16.090","2.299","","","","","","","","","","","372903.000","3.404","37.300","14.431","9.207","46482.958","0.200","117.992","5.310","14.300","15.200","","","82.990"
"HTI","North America","Haiti","11/1/2022 12:00:00 AM","33811.000","0.000","6.714","857.000","0.000","0.000","2918.515","0.000","0.580","73.975","0.000","0.000","","","","","","","","","","","11585003.000","398.448","24.300","4.800","2.954","1653.173","23.500","430.548","6.650","2.900","23.100","22.863","","64.000"
"BRN","Asia","Brunei","11/1/2022 12:00:00 AM","237656.000","0.000","0.000","225.000","0.000","0.000","529298.310","0.000","0.000","501.111","0.000","0.000","","","","","","","","","","","449002.000","81.347","32.400","4.591","2.382","71809.251","","201.285","12.790","2.000","30.900","","","75.860"
"DEU","Europe","Germany","11/1/2022 12:00:00 AM","35649648.000","29961.000","38090.429","153814.000","120.000","116.714","427608.449","359.375","456.885","1844.960","1.439","1.400","","","","","","","","","","23.150","83369840.000","237.016","46.600","21.453","15.957","45229.245","","156.139","8.310","28.200","33.100","","","81.330"
"GBR","Europe","United Kingdom","11/1/2022 12:00:00 AM","23898489.000","","","209208.000","0.000","0.000","354004.824","","","3098.968","0.000","0.000","","","","","","","","","","","67508936.000","272.898","40.800","18.517","12.527","39753.244","0.200","122.137","4.280","20.000","24.700","","","81.320"
"MNE","Europe","Montenegro","11/1/2022 12:00:00 AM","282843.000","79.000","62.857","2786.000","0.000","0.143","451046.275","125.980","100.238","4442.800","0.000","0.228","","","","","","","","","","","627082.000","46.280","39.100","14.762","9.395","16409.288","1.000","387.305","10.080","44.000","47.900","","","76.880"
"ABW","North America","Aruba","11/1/2022 12:00:00 AM","43334.000","0.000","6.143","232.000","0.000","0.000","407048.723","0.000","57.702","2179.243","0.000","0.000","","","","","","","","","","","106459.000","584.800","41.200","13.085","7.452","35973.781","","","11.620","","","","","76.290"
"LTU","Europe","Lithuania","11/1/2022 12:00:00 AM","1268633.000","587.000","378.286","9393.000","0.000","1.000","461311.361","213.450","137.556","3415.564","0.000","0.364","","","","","","","","","","","2750058.000","45.135","43.500","19.002","13.778","29524.265","0.700","342.989","3.670","21.300","38.000","","","75.930"
"IRN","Asia","Iran","11/1/2022 12:00:00 AM","7557805.000","155.000","135.857","144580.000","4.000","3.571","85350.158","1.750","1.534","1632.739","0.045","0.040","","","","","","","","","","","88550568.000","49.831","32.400","5.440","3.182","19082.620","0.200","270.308","9.590","0.800","21.100","","","76.680"
"LKA","Asia","Sri Lanka","11/1/2022 12:00:00 AM","671110.000","23.000","13.571","16781.000","1.000","1.000","30739.529","1.053","0.622","768.637","0.046","0.046","","","","","","","","","","","21832150.000","341.955","34.100","10.069","5.331","11669.077","0.700","197.093","10.680","0.300","27.000","","","76.980"
"PER","South America","Peru","11/1/2022 12:00:00 AM","4157569.000","645.000","680.714","217013.000","1.000","19.429","122103.357","18.943","19.992","6373.440","0.029","0.571","","","","","","","","","","","34049588.000","25.129","29.100","7.151","4.455","12236.706","3.500","85.755","5.950","4.800","","","","76.740"
"KGZ","Asia","Kyrgyzstan","11/1/2022 12:00:00 AM","206452.000","0.000","7.571","2991.000","0.000","0.000","31136.148","0.000","1.142","451.089","0.000","0.000","","","","","","","","","","","6630621.000","32.333","26.300","4.489","2.882","3393.474","1.400","436.362","7.110","3.600","50.500","89.220","","71.450"
"SAU","Asia","Saudi Arabia","11/1/2022 12:00:00 AM","822718.000","259.000","256.857","9409.000","2.000","1.714","22596.665","7.114","7.055","258.426","0.055","0.047","","","","","","","","","","","36408824.000","15.322","31.900","3.295","1.845","49045.411","","259.538","17.720","1.800","25.400","","","75.130"
"UKR","Europe","Ukraine","11/1/2022 12:00:00 AM","5601163.000","61.000","68.429","117883.000","2.000","0.857","141081.032","1.536","1.724","2969.215","0.050","0.022","","","","","","","","","","","39701744.000","77.390","41.400","16.462","11.133","7894.393","0.100","539.849","7.110","13.500","47.400","","","72.060"
"CUW","North America","Curacao","11/1/2022 12:00:00 AM","45467.000","0.000","4.714","290.000","0.000","0.143","237831.702","0.000","24.660","1516.951","0.000","0.747","","","","","","","","","","","191173.000","362.644","41.700","16.367","10.068","","","","11.620","","","","","78.880"
"AUT","Europe","Austria","11/1/2022 12:00:00 AM","5443883.000","4316.000","5033.571","20990.000","9.000","9.714","608961.547","482.795","563.063","2347.975","1.007","1.087","","","","","","","","","","","8939617.000","106.749","44.400","19.202","13.748","45436.686","0.700","145.183","6.350","28.400","30.900","","","81.540"
"GHA","Africa","Ghana","11/1/2022 12:00:00 AM","170707.000","","","1460.000","0.000","0.000","5099.404","","","43.614","0.000","0.000","","","","","","","","","","","33475870.000","126.719","21.100","3.385","1.948","4227.630","12.000","298.245","4.970","0.300","7.700","41.047","","64.070"
"ATG","North America","Antigua and Barbuda","11/1/2022 12:00:00 AM","9106.000","0.000","0.000","146.000","0.000","0.000","97107.879","0.000","0.000","1556.968","0.000","0.000","","","","","","","","","","","93772.000","231.845","32.100","6.933","4.631","21490.943","","191.511","13.170","","","","","77.020"
"VNM","Asia","Vietnam","11/1/2022 12:00:00 AM","11503334.000","449.000","755.286","43164.000","1.000","0.857","117157.576","4.573","7.692","439.611","0.010","0.009","","","","","","","","","","","98186856.000","308.127","32.600","7.150","4.718","6171.884","2.000","245.465","6.000","1.000","45.900","85.847","","75.400"
"LCA","North America","Saint Lucia","11/1/2022 12:00:00 AM","29654.000","15.000","2.571","407.000","0.000","0.143","164861.679","83.393","14.296","2262.720","0.000","0.794","","","","","","","","","","","179872.000","293.187","34.900","9.721","6.405","12951.839","","204.620","11.620","","","87.202","","76.200"
"COM","Africa","Comoros","11/1/2022 12:00:00 AM","8762.000","0.000","12.857","161.000","0.000","0.000","10471.054","0.000","15.365","192.404","0.000","0.000","","","","","","","","","","","836783.000","437.352","20.400","2.963","1.726","1413.890","18.100","261.516","11.880","4.400","23.600","15.574","","64.320"
"SVK","Europe","Slovakia","11/1/2022 12:00:00 AM","2643658.000","476.000","347.571","20609.000","3.000","5.143","468446.723","84.345","61.588","3651.841","0.532","0.911","","","","","","","","","","","5643455.000","113.128","41.200","15.070","9.167","30155.152","0.700","287.959","7.290","23.100","37.700","","","77.540"
"PRT","Europe","Portugal","11/1/2022 12:00:00 AM","5520731.000","","","25228.000","","","537514.153","","","2456.270","","","","","","","","","","","","","10270857.000","112.371","46.200","21.502","14.924","27936.896","0.500","127.842","9.850","16.300","30.000","","","82.050"
"SRB","Europe","Serbia","11/1/2022 12:00:00 AM","2405146.000","1034.000","892.286","17250.000","8.000","7.286","350015.215","150.476","129.852","2510.352","1.164","1.060","","","","","","","","","","","6871547.000","80.291","41.200","17.366","","14048.881","","439.415","10.080","37.700","40.200","97.719","","76.000"
"GIB","Europe","Gibraltar","11/1/2022 12:00:00 AM","20121.000","0.000","0.000","108.000","0.000","0.000","615754.200","0.000","0.000","3305.077","0.000","0.000","","","","","","","","","","","32677.000","3457.100","","","","","","","","","","","","79.930"
"MDG","Africa","Madagascar","11/1/2022 12:00:00 AM","66749.000","0.000","6.143","1411.000","0.000","0.000","2254.141","0.000","0.207","47.650","0.000","0.000","","","","","","","","","","","29611718.000","43.951","19.600","2.929","1.686","1416.440","77.600","405.994","3.940","","","50.540","","67.040"
"QAT","Asia","Qatar","11/1/2022 12:00:00 AM","469709.000","442.000","440.429","684.000","0.000","0.000","174280.582","163.999","163.416","253.791","0.000","0.000","","","","","","","","","","","2695131.000","227.322","31.900","1.307","0.617","116935.600","","176.690","16.520","0.800","26.900","","","80.230"
"VGB","North America","British Virgin Islands","11/1/2022 12:00:00 AM","7305.000","0.000","0.000","64.000","0.000","0.000","233148.219","0.000","0.000","2042.640","0.000","0.000","","","","","","","","","","","31332.000","207.973","","","","","","","13.670","","","","","79.070"
"KNA","North America","Saint Kitts and Nevis","11/1/2022 12:00:00 AM","6548.000","0.000","0.000","46.000","0.000","0.000","137329.335","0.000","0.000","964.745","0.000","0.000","","","","","","","","","","","47681.000","212.865","","","","24654.385","","","12.840","","","","","76.230"
"SSD","Africa","South Sudan","11/1/2022 12:00:00 AM","17823.000","0.000","0.000","138.000","0.000","0.000","1633.164","0.000","0.000","12.645","0.000","0.000","","","","","","","","","","","10913172.000","","19.200","3.441","2.032","1569.888","","280.775","10.430","","","","","57.850"
"TUR","Asia","Turkey","11/1/2022 12:00:00 AM","16919638.000","0.000","0.000","101203.000","0.000","0.000","198258.619","0.000","0.000","1185.863","0.000","0.000","","","","","","","","","","","85341248.000","104.914","31.600","8.153","5.061","25129.341","0.200","171.285","12.130","14.100","41.100","","","77.690"
"MNG","Asia","Mongolia","11/1/2022 12:00:00 AM","984823.000","","","2131.000","0.000","0.000","289792.498","","","627.065","0.000","0.000","","","","","","","","","","","3398373.000","1.980","28.600","4.031","2.421","11840.846","0.500","460.043","4.820","5.500","46.500","71.180","","69.870"
"LBN","Asia","Lebanon","11/1/2022 12:00:00 AM","1218779.000","","","10708.000","0.000","0.857","222010.170","","","1950.546","0.000","0.156","","","","","","","","","","","5489744.000","594.561","31.100","8.514","5.430","13367.565","","266.591","12.710","26.900","40.700","","","78.930"
"JOR","Asia","Jordan","11/1/2022 12:00:00 AM","1746997.000","0.000","0.000","14122.000","0.000","0.000","154794.998","0.000","0.000","1251.299","0.000","0.000","","","","","","","","","","0.000","11285875.000","109.285","23.200","3.810","2.361","8337.490","0.100","208.257","11.750","","","","","74.530"
"COL","South America","Colombia","11/1/2022 12:00:00 AM","6309716.000","","","141837.000","","","121635.359","","","2734.258","","","","","","","","","","","","","51874028.000","44.223","32.200","7.646","4.312","13254.949","4.500","124.240","7.440","4.700","13.500","65.386","","77.290"
"IRL","Europe","Ireland","11/1/2022 12:00:00 AM","1672319.000","","","8043.000","","","332925.153","","","1601.200","","","","","","","","","","","","","5023108.000","69.874","38.700","13.928","8.678","67335.293","0.200","126.459","3.280","23.000","25.700","","","82.300"
"COD","Africa","Democratic Republic of Congo","11/1/2022 12:00:00 AM","93086.000","0.000","8.429","1445.000","0.000","0.000","940.166","0.000","0.085","14.594","0.000","0.000","","","","","","","","","","","99010216.000","35.879","17.000","3.020","1.745","808.133","77.100","318.949","6.100","","","4.472","","60.680"
"BIH","Europe","Bosnia and Herzegovina","11/1/2022 12:00:00 AM","399981.000","18.000","28.143","16175.000","1.000","1.143","123697.940","5.567","8.703","5002.273","0.309","0.353","","","","","","","","","","","3233530.000","68.496","42.500","16.569","10.711","11713.895","0.200","329.635","10.080","30.200","47.700","97.164","","77.400"
"NZL","Oceania","New Zealand","11/1/2022 12:00:00 AM","1851774.000","","","2106.000","","","357120.693","","","406.149","","","","","","","","","","","","","5185289.000","18.206","37.900","15.322","9.720","36085.843","","128.797","8.080","14.800","17.200","","","82.290"
"BTN","Asia","Bhutan","11/1/2022 12:00:00 AM","62380.000","0.000","7.000","21.000","0.000","0.000","79723.231","0.000","8.946","26.839","0.000","0.000","","","","","","","","","","","782457.000","21.188","28.600","4.885","2.977","8708.597","1.500","217.066","9.750","","","79.807","","71.780"
"THA","Asia","Thailand","11/1/2022 12:00:00 AM","4692448.000","","","32955.000","","","65448.295","","","459.643","","","","","","","","","","","","","71697024.000","135.132","40.100","11.373","6.890","16277.671","0.100","109.861","7.040","1.900","38.800","90.670","","77.150"
"AND","Europe","Andorra","11/1/2022 12:00:00 AM","46535.000","0.000","12.286","155.000","0.000","0.000","582831.306","0.000","153.873","1941.310","0.000","0.000","","","","","","","","","","","79843.000","163.755","","","","","","109.135","7.970","29.000","37.800","","","83.730"
"EGY","Africa","Egypt","11/1/2022 12:00:00 AM","515645.000","0.000","0.000","24798.000","0.000","0.000","4645.865","0.000","0.000","223.425","0.000","0.000","","","","","","","","","","5.560","110990096.000","97.999","25.300","5.159","2.891","10550.206","1.300","525.432","17.310","0.200","50.100","89.827","","71.990"
"MSR","North America","Montserrat","11/1/2022 12:00:00 AM","1403.000","0.000","0.000","8.000","0.000","0.000","317924.315","0.000","0.000","1812.826","0.000","0.000","","","","","","","","","","","4413.000","","","","","","","","","","","","","74.160"
"LBY","Africa","Libya","11/1/2022 12:00:00 AM","507051.000","0.000","2.429","6437.000","0.000","0.000","74431.209","0.000","0.356","944.902","0.000","0.000","","","","","","","","","","","6812344.000","3.623","29.000","4.424","2.816","17881.509","","341.862","10.430","","","","","72.910"
"NGA","Africa","Nigeria","11/1/2022 12:00:00 AM","266138.000","0.000","13.571","3155.000","0.000","0.000","1217.793","0.000","0.062","14.437","0.000","0.000","","","","","","","","","","","218541216.000","209.588","18.100","2.751","1.447","5338.454","","181.013","2.420","0.600","10.800","41.949","","54.690"
"AUS","Oceania","Australia","11/1/2022 12:00:00 AM","10381125.000","1683.000","4902.857","15665.000","0.000","11.286","396568.071","64.292","187.293","598.417","0.000","0.431","","","","","","","","","","11.110","26177410.000","3.202","37.900","15.504","10.129","44648.710","0.500","107.791","5.070","13.000","16.500","","","83.440"
"ALB","Europe","Albania","11/1/2022 12:00:00 AM","332969.000","3.000","21.857","3593.000","0.000","0.143","117146.991","1.055","7.690","1264.109","0.000","0.050","","","","","","","","","","","2842318.000","104.871","38.000","13.188","8.643","11803.431","1.100","304.195","10.080","7.100","51.200","","","78.570"
"MMR","Asia","Myanmar","11/1/2022 12:00:00 AM","631797.000","81.000","127.857","19483.000","1.000","0.714","11661.222","1.495","2.360","359.602","0.018","0.013","","","","","","","","","","","54179312.000","81.721","29.100","5.732","3.120","5591.597","6.400","202.104","4.610","6.300","35.200","79.287","","67.130"
"MDV","Asia","Maldives","11/1/2022 12:00:00 AM","185364.000","0.000","12.000","308.000","0.000","0.000","353884.513","0.000","22.910","588.013","0.000","0.000","","","","","","","","","","","523798.000","1454.433","30.600","4.120","2.875","15183.616","","164.905","9.190","2.100","55.000","95.803","","78.920"
"CHL","South America","Chile","11/1/2022 12:00:00 AM","4762773.000","2587.000","5798.429","61677.000","","","242952.313","131.965","295.782","3146.186","","","","","","","","","","","","","19603736.000","24.282","35.400","11.087","6.938","22767.037","1.300","127.993","8.460","34.200","41.500","","","80.180"
"MOZ","Africa","Mozambique","11/1/2022 12:00:00 AM","230475.000","0.000","6.286","2224.000","0.000","0.000","6990.548","0.000","0.191","67.456","0.000","0.000","","","","","","","","","","","32969520.000","37.728","17.700","3.158","1.870","1136.103","62.900","329.942","3.300","5.100","29.100","12.227","","60.850"
"BGR","Europe","Bulgaria","11/1/2022 12:00:00 AM","1279595.000","513.000","492.714","37888.000","8.000","5.857","188676.421","75.642","72.651","5586.590","1.180","0.864","","","","","","","","","","","6781955.000","65.180","44.700","20.801","13.272","18563.307","1.500","424.688","5.810","30.100","44.400","","","75.050"
"STP","Africa","Sao Tome and Principe","11/1/2022 12:00:00 AM","6270.000","4.000","1.000","77.000","0.000","0.000","27573.408","17.591","4.398","338.621","0.000","0.000","","","","","","","","","","","227393.000","212.841","18.700","2.886","2.162","3052.714","32.300","270.113","2.420","","","41.340","","70.390"
"SLE","Africa","Sierra Leone","11/1/2022 12:00:00 AM","7754.000","0.000","0.286","126.000","0.000","0.000","901.028","0.000","0.033","14.641","0.000","0.000","","","","","","","","","","","8605723.000","104.700","19.100","2.538","1.285","1390.300","52.200","325.721","2.420","8.800","41.300","19.275","","54.700"
"BMU","North America","Bermuda","11/1/2022 12:00:00 AM","18340.000","0.000","0.000","148.000","0.000","0.000","285638.638","0.000","0.000","2305.045","0.000","0.000","","","","","","","","","","","64207.000","1308.820","","","","50669.315","","139.547","13.000","","","","","82.590"
"CHE","Europe","Switzerland","11/1/2022 12:00:00 AM","4255891.000","23869.000","3409.857","14070.000","5.000","2.143","486917.810","2730.860","390.123","1609.753","0.572","0.245","","","","","","","","","","","8740471.000","214.243","43.100","18.436","12.644","57410.166","","99.739","5.590","22.600","28.900","","","83.780"
"GRL","North America","Greenland","11/1/2022 12:00:00 AM","11971.000","0.000","0.000","21.000","0.000","0.000","211898.609","0.000","0.000","371.721","0.000","0.000","","","","","","","","","","","56494.000","0.137","","","","","","199.941","2.160","","","","","71.700"
"LSO","Africa","Lesotho","11/1/2022 12:00:00 AM","34490.000","0.000","0.000","706.000","0.000","0.000","14957.764","0.000","0.000","306.181","0.000","0.000","","","","","","","","","","","2305826.000","73.562","22.200","4.506","2.647","2851.153","59.600","405.126","3.940","0.400","53.900","2.117","","54.330"
"HRV","Europe","Croatia","11/1/2022 12:00:00 AM","1247199.000","252.000","317.714","17147.000","5.000","7.286","309450.940","62.525","78.830","4254.458","1.241","1.808","","","","","","","","","","11.110","4030361.000","73.726","44.000","19.724","13.053","22669.797","0.700","253.782","5.590","34.300","39.900","","","78.490"
"RUS","Europe","Russia","11/1/2022 12:00:00 AM","21129849.000","5191.000","6776.714","382372.000","70.000","75.857","146011.785","35.871","46.829","2642.272","0.484","0.524","","","","","","","","","","22.690","144713312.000","8.823","39.600","14.178","9.393","24765.954","0.100","431.297","6.180","23.400","58.300","","","72.580"
"UZB","Asia","Uzbekistan","11/1/2022 12:00:00 AM","244648.000","0.000","20.571","1637.000","0.000","0.000","7065.106","0.000","0.594","47.274","0.000","0.000","","","","","","","","","","","34627648.000","76.134","28.200","4.469","2.873","6253.104","","724.417","7.570","1.300","24.700","","","71.720"
"BFA","Africa","Burkina Faso","11/1/2022 12:00:00 AM","21631.000","0.000","0.000","387.000","0.000","0.000","954.010","0.000","0.000","17.068","0.000","0.000","","","","","","","","","","","22673764.000","70.151","17.600","2.409","1.358","1703.102","43.700","269.048","2.420","1.600","23.900","11.877","","61.580"
"ROU","Europe","Romania","11/1/2022 12:00:00 AM","3287394.000","659.000","434.857","67195.000","9.000","3.857","167218.518","33.521","22.120","3417.980","0.458","0.196","","","","","","","","","","","19659270.000","85.129","43.000","17.850","11.690","23313.199","5.700","370.946","9.740","22.900","37.100","","","76.050"
"BOL","South America","Bolivia","11/1/2022 12:00:00 AM","1109491.000","44.000","30.571","22239.000","0.000","0.000","90762.488","3.599","2.501","1819.273","0.000","0.000","","","","","","","","","","","12224114.000","10.202","25.400","6.704","4.393","6885.829","7.100","204.299","6.890","","","25.383","","71.510"
"ARG","South America","Argentina","11/1/2022 12:00:00 AM","9718875.000","","","129991.000","","","213553.193","","","2856.297","","","","","","","","","","","","","45510324.000","16.177","31.900","11.198","7.441","18933.907","0.600","191.032","5.500","16.200","27.700","","","76.670"
"TZA","Africa","Tanzania","11/1/2022 12:00:00 AM","40054.000","134.000","35.714","845.000","0.000","0.000","611.532","2.046","0.545","12.901","0.000","0.000","","","","","","","","","","","65497752.000","64.699","17.700","3.108","1.874","2683.304","49.100","217.288","5.750","3.300","26.700","47.953","","65.460"
"BLZ","North America","Belize","11/1/2022 12:00:00 AM","68957.000","14.000","2.000","687.000","0.000","0.000","170144.466","34.544","4.935","1695.103","0.000","0.000","","","","","","","","","","","405285.000","16.426","25.000","3.853","2.279","7824.362","","176.957","17.110","","","90.083","","74.620"
"SEN","Africa","Senegal","11/1/2022 12:00:00 AM","88679.000","0.000","0.000","1968.000","0.000","0.000","5121.084","0.000","0.000","113.649","0.000","0.000","","","","","","","","","","","17316452.000","82.328","18.700","3.008","1.796","2470.580","38.000","241.219","2.420","0.400","16.600","20.859","","67.940"
"BEL","Europe","Belgium","11/1/2022 12:00:00 AM","4612239.000","","","32902.000","","","395699.165","","","2822.771","","","","","","","","","","","","","11655923.000","375.564","41.800","18.571","12.849","42658.576","0.200","114.898","4.290","25.100","31.400","","","81.630"
"PRY","South America","Paraguay","11/1/2022 12:00:00 AM","717955.000","","","19601.000","0.000","0.429","105881.433","","","2890.685","0.000","0.063","","","","","","","","","","","6780745.000","17.144","26.500","6.378","3.833","8827.010","1.700","199.128","8.270","5.000","21.600","79.602","","74.250"
"SUR","South America","Suriname","11/1/2022 12:00:00 AM","81228.000","43.000","6.143","1392.000","2.000","0.286","131427.111","69.574","9.939","2252.260","3.236","0.462","","","","","","","","","","","618046.000","3.612","29.600","6.933","4.229","13767.119","","258.314","12.540","7.400","42.900","67.779","","71.680"
"CAF","Africa","Central African Republic","11/1/2022 12:00:00 AM","15260.000","0.000","4.429","113.000","0.000","0.000","2735.185","0.000","0.794","20.254","0.000","0.000","","","","","","","","","","","5579148.000","7.479","18.300","3.655","2.251","661.240","","435.727","6.100","","","16.603","","53.280"
"GNB","Africa","Guinea-Bissau","11/1/2022 12:00:00 AM","8848.000","0.000","0.000","176.000","0.000","0.000","4202.168","0.000","0.000","83.587","0.000","0.000","","","","","","","","","","","2105580.000","66.191","19.400","3.002","1.565","1548.675","67.100","382.474","2.420","","","6.403","","58.320"
"IND","Asia","India","11/1/2022 12:00:00 AM","44655828.000","1190.000","1437.143","530452.000","1375.000","210.143","31510.496","0.840","1.014","374.303","0.970","0.148","","","","","","","","","","","1417173120.000","450.419","28.200","5.989","3.414","6426.674","21.200","282.280","10.390","1.900","20.600","59.550","","69.660"
"COG","Africa","Congo","11/1/2022 12:00:00 AM","24837.000","0.000","0.000","386.000","0.000","0.000","4160.002","0.000","0.000","64.652","0.000","0.000","","","","","","","","","","","5970430.000","15.405","19.000","3.402","2.063","4881.406","37.000","344.094","7.200","1.700","52.300","47.964","","64.570"
"KEN","Africa","Kenya","11/1/2022 12:00:00 AM","339253.000","106.000","72.000","5678.000","0.000","0.000","6279.267","1.962","1.333","105.095","0.000","0.000","","","","","","","","","","","54027484.000","87.324","20.000","2.686","1.528","2993.028","36.800","218.637","2.920","1.200","20.400","24.651","","66.700"
"BES","North America","Bonaire Sint Eustatius and Saba","11/1/2022 12:00:00 AM","11450.000","0.000","3.286","38.000","0.000","0.000","423258.909","0.000","121.459","1404.702","0.000","0.000","","","","","","","","","","","27052.000","","","","","","","","","","","","","77.790"
"CRI","North America","Costa Rica","11/1/2022 12:00:00 AM","1135713.000","2617.000","373.857","8999.000","9.000","1.286","219214.235","505.131","72.162","1736.978","1.737","0.248","","","","","","","","","","","5180836.000","96.079","33.600","9.468","5.694","15524.995","1.300","137.973","8.780","6.400","17.400","83.841","","80.280"
"TCA","North America","Turks and Caicos Islands","11/1/2022 12:00:00 AM","6429.000","0.000","0.000","36.000","0.000","0.000","140598.347","0.000","0.000","787.298","0.000","0.000","","","","","","","","","","","45726.000","37.312","","","","","","","","","","","","80.220"
"ARM","Asia","Armenia","11/1/2022 12:00:00 AM","445242.000","","","8709.000","0.000","0.429","160131.805","","","3132.202","0.000","0.154","","","","","","","","","","","2780472.000","102.931","35.700","11.232","7.571","8787.580","1.800","341.010","7.110","1.500","52.100","94.043","","75.090"
"BLR","Europe","Belarus","11/1/2022 12:00:00 AM","994037.000","0.000","0.000","7118.000","0.000","0.000","104251.871","0.000","0.000","746.516","0.000","0.000","","","","","","","","","","","9534956.000","46.858","40.300","14.799","9.788","17167.967","","443.129","5.180","10.500","46.100","","","74.790"
"SYC","Africa","Seychelles","11/1/2022 12:00:00 AM","49035.000","0.000","0.000","171.000","0.000","0.000","457693.564","0.000","0.000","1596.117","0.000","0.000","","","","","","","","","","","107135.000","208.354","36.200","8.606","5.586","26382.287","1.100","242.648","10.550","7.100","35.700","","","73.400"
"MDA","Europe","Moldova","11/1/2022 12:00:00 AM","593816.000","570.000","81.429","11894.000","7.000","1.000","181429.047","174.153","24.879","3633.983","2.139","0.306","","","","","","","","","","","3272993.000","123.655","37.600","10.864","6.955","5189.972","0.200","408.502","5.720","5.900","44.600","86.979","","71.900"
"MLI","Africa","Mali","11/1/2022 12:00:00 AM","32735.000","2.000","1.857","742.000","0.000","0.000","1448.862","0.089","0.082","32.841","0.000","0.000","","","","","","","","","","","22593598.000","15.196","16.400","2.519","1.486","2014.306","","268.024","2.420","1.600","23.000","52.232","","59.310"
"NIC","North America","Nicaragua","11/1/2022 12:00:00 AM","15166.000","0.000","3.000","245.000","0.000","0.000","2182.662","0.000","0.432","35.260","0.000","0.000","","","","","","","","","","","6948395.000","51.667","27.300","5.445","3.519","5321.444","3.200","137.016","11.470","","","","","74.480"
"OMN","Asia","Oman","11/1/2022 12:00:00 AM","398775.000","0.000","0.000","4628.000","0.000","0.000","87139.174","0.000","0.000","1011.297","0.000","0.000","","","","","","","","","","0.000","4576300.000","14.980","30.700","2.355","1.530","37960.709","","266.342","12.610","0.500","15.600","97.400","","77.860"
"CPV","Africa","Cape Verde","11/1/2022 12:00:00 AM","62397.000","0.000","0.000","410.000","0.000","0.000","105193.859","0.000","0.000","691.211","0.000","0.000","","","","","","","","","","","593162.000","135.580","25.700","4.460","3.437","6222.554","","182.219","2.420","2.100","16.500","","","72.980"
"MEX","North America","Mexico","11/1/2022 12:00:00 AM","7110993.000","","","330392.000","","","55770.692","","","2591.226","","","","","","","","","","","","","127504120.000","66.444","29.300","6.857","4.321","17336.469","2.500","152.783","13.060","6.900","21.400","87.847","","75.050"
"AFG","Asia","Afghanistan","11/1/2022 12:00:00 AM","203167.000","104.000","117.143","7823.000","1.000","0.429","4939.778","2.529","2.848","190.207","0.024","0.010","","","","","","","","","","","41128772.000","54.422","18.600","2.581","1.337","1803.987","","597.029","9.590","","","37.746","","64.830"
"UGA","Africa","Uganda","11/1/2022 12:00:00 AM","169473.000","0.000","11.000","3630.000","0.000","0.000","3586.761","0.000","0.233","76.826","0.000","0.000","","","","","","","","","","","47249588.000","213.759","16.400","2.168","1.308","1697.707","41.600","213.333","2.500","3.400","16.700","21.222","","63.370"
"ERI","Africa","Eritrea","11/1/2022 12:00:00 AM","10189.000","0.000","0.286","103.000","0.000","0.000","2765.713","0.000","0.078","27.958","0.000","0.000","","","","","","","","","","","3684041.000","44.304","19.300","3.607","2.171","1510.459","","311.110","6.050","0.200","11.400","","","66.320"
"DZA","Africa","Algeria","11/1/2022 12:00:00 AM","270839.000","1.000","5.571","6881.000","0.000","0.000","6031.615","0.022","0.124","153.241","0.000","0.000","","","","","","","","","","","44903228.000","17.348","29.100","6.211","3.857","13913.839","0.500","278.364","6.730","0.700","30.400","83.741","","76.880"
"BGD","Asia","Bangladesh","11/1/2022 12:00:00 AM","2035334.000","94.000","114.429","29424.000","1.000","1.143","11889.580","0.549","0.668","171.883","0.006","0.007","","","","","","","","","","","171186368.000","1265.036","27.500","5.098","3.262","3523.984","14.800","298.003","8.380","1.000","44.700","34.808","","72.590"
"JPN","Asia","Japan","11/1/2022 12:00:00 AM","22389872.000","65280.000","43577.143","46817.000","52.000","52.000","180633.849","526.657","351.566","377.704","0.420","0.420","","","","","","","","","","","123951696.000","347.778","48.200","27.049","18.493","39002.223","","79.370","5.720","11.200","33.700","","","84.630"
"PHL","Asia","Philippines","11/1/2022 12:00:00 AM","4005157.000","692.000","1191.286","64109.000","35.000","37.571","34658.977","5.988","10.309","554.773","0.303","0.325","","","","","","","","","","","115559008.000","351.873","25.200","4.803","2.661","7599.188","","370.437","7.070","7.800","40.800","78.463","","71.230"
"VAT","Europe","Vatican","11/1/2022 12:00:00 AM","29.000","0.000","0.000","","","","35891.089","0.000","0.000","","","","","","","","","","","","","","808.000","","","","","","","","","","","","","75.120"
"CAN","North America","Canada","11/1/2022 12:00:00 AM","4372182.000","3337.000","2985.143","46705.000","31.000","50.143","113698.047","86.778","77.628","1214.558","0.806","1.304","","","","","","","","","","","38454328.000","4.037","41.400","16.984","10.797","44017.591","0.500","105.599","7.370","12.000","16.600","","","82.430"
"HUN","Europe","Hungary","11/1/2022 12:00:00 AM","2141513.000","","","47938.000","","","214853.786","","","4809.525","","","","","","","","","","","","","9967304.000","108.043","43.400","18.577","11.976","26777.561","0.500","278.296","7.550","26.800","34.800","","","76.880"
"CIV","Africa","Cote d'Ivoire","11/1/2022 12:00:00 AM","87781.000","7.000","8.714","827.000","0.000","0.000","3117.162","0.249","0.309","29.367","0.000","0.000","","","","","","","","","","","28160548.000","76.399","18.700","2.933","1.582","3601.006","28.200","303.740","2.420","","","19.351","","57.780"
"FLK","South America","Falkland Islands","11/1/2022 12:00:00 AM","1930.000","0.000","0.000","","","","507761.115","0.000","0.000","","","","","","","","","","","","","","3801.000","","","","","","","","","","","","","81.440"
"MKD","Europe","North Macedonia","11/1/2022 12:00:00 AM","344146.000","0.000","31.286","9564.000","0.000","0.429","164379.544","0.000","14.943","4568.195","0.000","0.205","","","","","","","","","","","2093606.000","82.600","39.100","13.260","8.160","13111.214","5.000","322.688","10.080","","","","","75.800"
"SYR","Asia","Syria","11/1/2022 12:00:00 AM","57362.000","2.000","1.286","3163.000","0.000","0.000","2592.604","0.090","0.058","142.959","0.000","0.000","","","","","","","","","","","22125242.000","","21.700","","2.577","","","376.264","","","","70.598","","72.700"
"NOR","Europe","Norway","11/1/2022 12:00:00 AM","1465102.000","156.000","123.714","4238.000","30.000","4.286","269601.518","28.706","22.765","779.858","5.520","0.789","","","","","","","","","","","5434324.000","14.462","39.700","16.821","10.813","64800.057","0.200","114.316","5.310","19.600","20.700","","","82.400"
"LVA","Europe","Latvia","11/1/2022 12:00:00 AM","952692.000","593.000","491.429","6056.000","3.000","1.714","514786.665","320.427","265.543","3272.357","1.621","0.926","","","","","","","","","","","1850654.000","31.212","43.900","19.754","14.136","25063.846","0.700","350.060","4.910","25.600","51.000","","","75.290"
"GRC","Europe","Greece","11/1/2022 12:00:00 AM","5188890.000","53690.000","7670.000","33750.000","176.000","25.143","499653.730","5169.971","738.567","3249.888","16.948","2.421","","","","","","","","","","","10384972.000","83.479","45.300","20.396","14.524","24574.382","1.500","175.695","4.550","35.300","52.000","","","82.240"
"GRD","North America","Grenada","11/1/2022 12:00:00 AM","19591.000","0.000","0.000","237.000","0.000","0.000","156154.600","0.000","0.000","1889.063","0.000","0.000","","","","","","","","","","","125459.000","317.132","29.400","7.304","5.021","13593.877","","243.964","10.710","","","","","72.400"
"BHR","Asia","Bahrain","11/1/2022 12:00:00 AM","690401.000","214.000","291.714","1529.000","1.000","0.714","468946.915","145.357","198.144","1038.556","0.679","0.485","","","","","","","","","","","1472237.000","1935.907","32.400","2.372","1.387","43290.705","","151.689","16.520","5.800","37.600","","","77.290"
"CHN","Asia","China","11/1/2022 12:00:00 AM","1035560.000","2770.000","1889.857","5226.000","0.000","0.000","726.257","1.943","1.325","3.665","0.000","0.000","","","","","","","","","","66.200","1425887360.000","147.674","38.700","10.641","5.929","15308.712","0.700","261.899","9.740","1.900","48.400","","","76.910"
"JAM","North America","Jamaica","11/1/2022 12:00:00 AM","151931.000","0.000","0.000","3320.000","0.000","0.000","53735.576","0.000","0.000","1174.231","0.000","0.000","","","","","","","","","","","2827382.000","266.879","31.400","9.684","6.390","8193.571","","206.537","11.280","5.300","28.600","66.425","","74.470"
"PAK","Asia","Pakistan","11/1/2022 12:00:00 AM","1574094.000","","","30626.000","0.000","1.000","6674.843","","","129.868","0.000","0.004","","","","","","","","","","","235824864.000","255.573","23.500","4.495","2.780","5034.708","4.000","423.031","8.350","2.800","36.700","59.607","","67.270"
"MUS","Africa","Mauritius","11/1/2022 12:00:00 AM","265301.000","","","1032.000","0.000","0.000","204159.670","","","794.165","0.000","0.000","","","","","","","","","","","1299478.000","622.962","37.400","10.945","5.884","20292.745","0.500","224.644","22.020","3.200","40.700","","","74.990"
"GAB","Africa","Gabon","11/1/2022 12:00:00 AM","48945.000","0.000","4.429","306.000","0.000","0.000","20487.677","0.000","1.854","128.087","0.000","0.000","","","","","","","","","","","2388997.000","7.859","23.100","4.450","2.976","16562.413","3.400","259.967","7.200","","","","","66.470"
"SGP","Asia","Singapore","11/1/2022 12:00:00 AM","2108024.000","5652.000","5320.000","1680.000","0.000","2.000","373960.577","1002.657","943.761","298.030","0.000","0.355","","","","","","","","","","","5637022.000","7915.731","42.400","12.922","7.049","85535.383","","92.243","10.990","5.200","28.300","","","83.620"
"HND","North America","Honduras","11/1/2022 12:00:00 AM","456988.000","0.000","0.000","11037.000","0.000","0.000","43802.762","0.000","0.000","1057.908","0.000","0.000","","","","","","","","","","","10432858.000","82.805","24.900","4.652","2.883","4541.795","16.000","240.208","7.210","2.000","","84.169","","75.270"
"DNK","Europe","Denmark","11/1/2022 12:00:00 AM","3335516.000","922.000","801.000","7354.000","7.000","8.429","567046.776","156.743","136.172","1250.200","1.190","1.433","","","","","","","","","","","5882259.000","136.520","42.300","19.677","12.325","46682.515","0.200","114.767","6.410","19.300","18.800","","","80.900"
"IDN","Asia","Indonesia","11/1/2022 12:00:00 AM","6497786.000","4707.000","3159.143","158663.000","32.000","26.857","23585.315","17.085","11.467","575.906","0.116","0.097","","","","","","","","","","","275501344.000","145.725","29.300","5.319","3.053","11188.744","5.700","342.864","6.320","2.800","76.100","64.204","","71.720"
"ARE","Asia","United Arab Emirates","11/1/2022 12:00:00 AM","1037929.000","293.000","311.571","2348.000","0.000","0.000","109936.853","31.034","33.001","248.699","0.000","0.000","","","","","","","","","","","9441138.000","112.442","34.000","1.144","0.526","67293.483","","317.840","17.260","1.200","37.400","","","77.970"
"VEN","South America","Venezuela","11/1/2022 12:00:00 AM","545899.000","0.000","40.429","5820.000","0.000","0.000","19288.559","0.000","1.428","205.641","0.000","0.000","","","","","","","","","","","28301700.000","36.253","29.000","6.614","3.915","16745.022","","204.850","6.470","","","","","72.060"
"NLD","Europe","Netherlands","11/1/2022 12:00:00 AM","8528467.000","5844.000","1764.714","22914.000","15.000","5.857","485564.637","332.726","100.473","1304.599","0.854","0.333","","","","","","","","","","","17564020.000","508.544","43.200","18.779","11.881","48472.545","","109.361","5.290","24.400","27.300","","","82.280"
"FJI","Oceania","Fiji","11/1/2022 12:00:00 AM","68264.000","0.000","1.000","878.000","0.000","0.000","73420.387","0.000","1.076","944.321","0.000","0.000","","","","","","","","","","","929769.000","49.562","28.600","6.224","3.284","8702.975","1.400","412.820","14.490","10.200","34.800","","","67.440"
"GUY","South America","Guyana","11/1/2022 12:00:00 AM","71438.000","1.000","2.286","1281.000","0.000","0.000","88333.888","1.237","2.826","1583.971","0.000","0.000","","","","","","","","","","","808727.000","3.952","26.300","5.305","2.837","7435.047","","373.159","11.620","","","77.159","","69.910"
"RWA","Africa","Rwanda","11/1/2022 12:00:00 AM","132584.000","0.000","4.000","1467.000","0.000","0.000","9623.784","0.000","0.290","106.484","0.000","0.000","","","","","","","","","","","13776702.000","494.869","20.300","2.974","1.642","1854.211","56.000","191.375","4.280","4.700","21.000","4.617","","69.020"
"KAZ","Asia","Kazakhstan","11/1/2022 12:00:00 AM","1484932.000","","","19052.000","0.000","0.000","76550.786","","","982.163","0.000","0.000","","","","","","","","","","","19397998.000","6.681","30.600","6.991","4.625","24055.588","0.100","466.792","7.110","7.000","43.100","98.999","","73.600"
"TWN","Asia","Taiwan","11/1/2022 12:00:00 AM","7746969.000","34243.000","33048.429","12876.000","45.000","64.143","324230.553","1433.158","1383.162","538.894","1.883","2.685","","","","","","","","","","","23893396.000","","42.200","","8.353","","","103.957","","","","","","80.460"
"CMR","Africa","Cameroon","11/1/2022 12:00:00 AM","123629.000","0.000","0.000","1960.000","0.000","0.000","4428.839","0.000","0.000","70.214","0.000","0.000","","","","","","","","","","","27914542.000","50.885","18.800","3.165","1.919","3364.926","23.800","244.661","7.200","","","2.735","","59.290"
"NER","Africa","Niger","11/1/2022 12:00:00 AM","9428.000","3.000","0.429","314.000","0.000","0.000","359.738","0.114","0.016","11.981","0.000","0.000","","","","","","","","","","","26207982.000","16.955","15.100","2.553","1.378","926.000","44.500","238.339","2.420","0.100","15.400","8.978","","62.420"
"ZWE","Africa","Zimbabwe","11/1/2022 12:00:00 AM","257893.000","0.000","0.000","5606.000","0.000","0.000","15801.745","0.000","0.000","343.494","0.000","0.000","","","","","","","","","","","16320539.000","42.729","19.600","2.822","1.882","1899.775","21.400","307.846","1.820","1.600","30.700","36.791","","61.490"
"DMA","North America","Dominica","11/1/2022 12:00:00 AM","15760.000","0.000","0.000","74.000","0.000","0.000","216608.483","0.000","0.000","1017.070","0.000","0.000","","","","","","","","","","","72758.000","98.567","","","","9673.367","","227.376","11.620","","","","","75.000"
"NCL","Oceania","New Caledonia","11/1/2022 12:00:00 AM","74406.000","0.000","4.143","314.000","0.000","0.000","256608.693","0.000","14.288","1082.912","0.000","0.000","","","","","","","","","","","289959.000","15.342","33.400","9.954","6.489","","","","23.360","","","","","77.550"
"AIA","North America","Anguilla","11/1/2022 12:00:00 AM","3866.000","0.000","0.000","12.000","0.000","0.000","243496.882","0.000","0.000","755.810","0.000","0.000","","","","","","","","","","","15877.000","","","","","","","","","","","","","81.880"
"PSE","Asia","Palestine","11/1/2022 12:00:00 AM","703036.000","0.000","3.143","5708.000","0.000","0.000","133909.681","0.000","0.599","1087.222","0.000","0.000","","","","","","","","","","","5250076.000","778.202","20.400","3.043","1.726","4449.898","1.000","265.910","10.590","","","","","74.050"
"TJK","Asia","Tajikistan","11/1/2022 12:00:00 AM","17786.000","0.000","0.000","125.000","0.000","0.000","1787.037","0.000","0.000","12.559","0.000","0.000","","","","","","","","","","","9952789.000","64.281","23.300","3.466","2.155","2896.913","4.800","427.698","7.110","","","72.704","","71.100"
"USA","North America","United States","11/1/2022 12:00:00 AM","97538564.000","36332.000","35961.143","1070836.000","399.000","343.286","288328.374","107.399","106.303","3165.439","1.179","1.015","","","","","","","","","","","338289856.000","35.608","38.300","15.413","9.732","54225.446","1.200","151.089","10.790","19.100","24.600","","","78.860"
"BHS","North America","Bahamas","11/1/2022 12:00:00 AM","37386.000","0.000","3.143","833.000","0.000","0.000","91187.812","0.000","7.666","2031.762","0.000","0.000","","","","","","","","","","","409989.000","39.497","34.300","8.996","5.200","27717.847","","235.954","13.170","3.100","20.400","","","73.920"
"ITA","Europe","Italy","11/1/2022 12:00:00 AM","23531023.000","","","179101.000","","","398577.754","","","3033.683","","","","","","","","","","","","","59037472.000","205.859","47.900","23.021","16.240","35220.084","2.000","113.151","4.780","19.800","27.800","","","83.510"
"VCT","North America","Saint Vincent and the Grenadines","11/1/2022 12:00:00 AM","9457.000","0.000","0.714","116.000","0.000","0.000","90968.555","0.000","6.871","1115.825","0.000","0.000","","","","","","","","","","","103959.000","281.787","31.800","7.724","4.832","10727.146","","252.675","11.620","","","","","72.530"
"TGO","Africa","Togo","11/1/2022 12:00:00 AM","39300.000","1.000","1.571","290.000","0.000","0.143","4441.330","0.113","0.178","32.773","0.000","0.016","","","","","","","","","","","8848700.000","143.366","19.400","2.839","1.525","1429.813","49.200","280.033","6.150","0.900","14.200","10.475","","61.040"
"LUX","Europe","Luxembourg","11/1/2022 12:00:00 AM","302221.000","","","1145.000","0.000","0.143","466677.785","","","1768.064","0.000","0.221","","","","","","","","","","","647601.000","231.447","39.700","14.312","9.842","94277.965","0.200","128.275","4.420","20.900","26.000","","","82.250"
"DJI","Africa","Djibouti","11/1/2022 12:00:00 AM","15690.000","0.000","0.000","189.000","0.000","0.000","13998.292","0.000","0.000","168.622","0.000","0.000","","","","","","","","","","","1120851.000","41.285","25.400","4.213","2.380","2705.406","22.500","258.037","6.050","1.700","24.500","","","67.110"
"SVN","Europe","Slovenia","11/1/2022 12:00:00 AM","1233870.000","388.000","807.571","6889.000","0.000","1.857","582057.256","183.032","380.958","3249.769","0.000","0.876","","","","","","","","","","","2119843.000","102.619","44.500","19.062","12.930","31400.840","","153.493","7.250","20.100","25.000","","","81.320"
"MCO","Europe","Monaco","11/1/2022 12:00:00 AM","14963.000","0.000","7.143","65.000","0.000","0.143","410046.313","0.000","195.743","1781.261","0.000","3.915","","","","","","","","","","","36491.000","19347.500","","","","","","","5.460","","","","","86.750"
"ETH","Africa","Ethiopia","11/1/2022 12:00:00 AM","493972.000","12.000","11.143","7572.000","0.000","0.000","4003.666","0.097","0.090","61.371","0.000","0.000","","","","","","","","","","","123379928.000","104.957","19.800","3.526","2.063","1729.927","26.700","182.634","7.470","0.400","8.500","7.960","","66.600"
"ZAF","Africa","South Africa","11/1/2022 12:00:00 AM","4028651.000","343.000","316.286","102311.000","","","67263.145","5.727","5.281","1708.204","","","","","","","","","","","","","59893884.000","46.754","27.300","5.344","3.053","12294.876","18.900","200.380","5.520","8.100","33.200","43.993","","64.130"
"TUN","Africa","Tunisia","11/1/2022 12:00:00 AM","1146593.000","441.000","63.000","29259.000","2.000","0.286","92795.584","35.691","5.099","2367.977","0.162","0.023","","","","","","","","","","","12356116.000","74.228","32.700","8.001","5.075","10849.297","2.000","318.991","8.520","1.100","65.800","78.687","","76.700"
"CUB","North America","Cuba","11/1/2022 12:00:00 AM","1111286.000","1.000","1.714","8530.000","0.000","0.000","99114.019","0.089","0.153","760.779","0.000","0.000","","","","","","","","","","","11212198.000","110.408","43.100","14.738","9.719","","","190.968","8.270","17.100","53.300","85.198","","78.800"
"GTM","North America","Guatemala","11/1/2022 12:00:00 AM","1140602.000","103.000","441.429","19892.000","4.000","2.429","63921.066","5.772","24.738","1114.778","0.224","0.136","","","","","","","","","","","17843914.000","157.834","22.900","4.694","3.016","7423.808","8.700","155.898","10.180","","","76.665","","74.300"
"DOM","North America","Dominican Republic","11/1/2022 12:00:00 AM","647425.000","153.000","31.429","4384.000","0.000","0.000","57657.433","13.626","2.799","390.424","0.000","0.000","","","","","","","","","","","11228821.000","222.873","27.600","6.981","4.419","14600.861","1.600","266.653","8.200","8.500","19.100","55.182","","74.080"
"URY","South America","Uruguay","11/1/2022 12:00:00 AM","990560.000","","","7518.000","0.000","0.429","289400.829","","","2196.450","0.000","0.125","","","","","","","","","","","3422796.000","19.751","35.600","14.655","10.361","20551.409","0.100","160.708","6.930","14.000","19.900","","","77.910"
"FIN","Europe","Finland","11/1/2022 12:00:00 AM","1348737.000","","","6568.000","","","243421.598","","","1185.400","","","","","","","","","","","","","5540745.000","18.136","42.800","21.228","13.264","40585.721","","153.507","5.760","18.300","22.600","","","81.910"
"TTO","North America","Trinidad and Tobago","11/1/2022 12:00:00 AM","184854.000","141.000","20.143","4255.000","6.000","0.857","120737.301","92.094","13.156","2779.151","3.919","0.560","","","","","","","","","","","1531043.000","266.886","36.200","10.014","5.819","28763.071","","228.467","10.970","","","89.443","","73.510"
"SWZ","Africa","Eswatini","11/1/2022 12:00:00 AM","73558.000","0.000","4.571","1422.000","0.000","0.000","61212.636","0.000","3.804","1183.343","0.000","0.000","","","","","","","","","","","1201680.000","79.492","21.500","3.163","1.845","7738.975","","333.436","3.940","1.700","16.500","24.097","","60.190"
"ESP","Europe","Spain","11/1/2022 12:00:00 AM","13511768.000","","","115078.000","","","284107.583","","","2419.708","","","","","","","","","","","","","47558632.000","93.105","45.500","19.436","13.799","34272.360","1.000","99.403","7.170","27.400","31.400","","","83.560"
"GNQ","Africa","Equatorial Guinea","11/1/2022 12:00:00 AM","17173.000","2.000","2.857","183.000","0.000","0.000","10253.051","1.194","1.706","109.259","0.000","0.000","","","","","","","","","","","1674916.000","45.194","22.400","2.846","1.752","22604.873","","202.812","7.780","","","24.640","","58.740"
"SDN","Africa","Sudan","11/1/2022 12:00:00 AM","63481.000","0.000","4.571","4972.000","0.000","0.857","1354.284","0.000","0.098","106.071","0.000","0.018","","","","","","","","","","","46874200.000","23.258","19.700","3.548","2.034","4466.507","","431.388","15.670","","","23.437","","65.310"
"MYS","Asia","Malaysia","11/1/2022 12:00:00 AM","4905877.000","2913.000","2905.429","36478.000","3.000","3.714","144553.179","85.832","85.609","1074.836","0.088","0.109","","","","","","","","","","","33938216.000","96.254","29.900","6.293","3.407","26808.164","0.100","260.942","16.740","1.000","42.400","","","76.160"
"LAO","Asia","Laos","11/1/2022 12:00:00 AM","216243.000","0.000","5.429","758.000","0.000","0.000","28719.525","0.000","0.721","100.671","0.000","0.000","","","","","","","","","","","7529477.000","29.715","24.400","4.029","2.322","6397.360","22.700","368.111","4.000","7.300","51.200","49.839","","67.920"
"IRQ","Asia","Iraq","11/1/2022 12:00:00 AM","2461484.000","","","25358.000","0.000","0.000","55319.066","","","569.892","0.000","0.000","","","","","","","","","","","44496124.000","88.125","20.000","3.186","1.957","15663.986","2.500","218.612","8.830","","","94.576","","70.600"
"LBR","Africa","Liberia","11/1/2022 12:00:00 AM","7996.000","0.000","1.143","294.000","0.000","0.000","1507.914","0.000","0.216","55.444","0.000","0.000","","","","","","","","","","","5302690.000","49.127","19.200","3.057","1.756","752.788","38.600","272.509","2.420","1.500","18.100","1.188","","64.100"
"BDI","Africa","Burundi","11/1/2022 12:00:00 AM","50470.000","0.000","2.571","38.000","0.000","0.000","3915.565","0.000","0.199","2.948","0.000","0.000","","","","","","","","","","","12889583.000","423.062","17.500","2.562","1.504","702.225","71.700","293.068","6.050","","","6.144","","61.580"
"SLV","North America","El Salvador","11/1/2022 12:00:00 AM","201785.000","0.000","0.000","4230.000","0.000","0.000","31845.405","0.000","0.000","667.572","0.000","0.000","","","","","","","","","","","6336393.000","307.811","27.600","8.273","5.417","7292.458","2.200","167.295","8.870","2.500","18.800","90.650","","73.320"
"AZE","Asia","Azerbaijan","11/1/2022 12:00:00 AM","823318.000","60.000","42.143","9948.000","4.000","1.143","79485.596","5.793","4.069","960.410","0.386","0.110","","","","","","","","","","","10358078.000","119.309","32.400","6.018","3.871","15847.419","","559.812","7.110","0.300","42.500","83.241","","73.000"
"AGO","Africa","Angola","11/1/2022 12:00:00 AM","103131.000","0.000","0.000","1917.000","0.000","0.000","2897.834","0.000","0.000","53.865","0.000","0.000","","","","","","","","","","","35588996.000","23.890","16.800","2.405","1.362","5819.495","","276.045","3.940","","","26.664","","61.150"
"NAM","Africa","Namibia","11/1/2022 12:00:00 AM","169946.000","38.000","5.429","4080.000","0.000","0.000","66203.510","14.803","2.115","1589.389","0.000","0.000","","","","","","","","","","","2567024.000","3.078","22.000","3.552","2.085","9541.808","13.400","243.811","3.940","9.700","34.200","44.600","","63.710"
"PNG","Oceania","Papua New Guinea","11/1/2022 12:00:00 AM","45465.000","0.000","14.286","668.000","0.000","0.000","4482.567","0.000","1.408","65.861","0.000","0.000","","","","","","","","","","","10142625.000","18.220","22.600","3.808","2.142","3823.194","","561.494","17.650","23.500","48.800","","","64.500"
"KWT","Asia","Kuwait","11/1/2022 12:00:00 AM","662073.000","","","2568.000","0.000","0.286","155092.687","","","601.562","0.000","0.067","","","","","","","","","","","4268886.000","232.128","33.700","2.345","1.114","65530.537","","132.235","15.840","2.700","37.000","","","75.490"
"LIE","Europe","Liechtenstein","11/1/2022 12:00:00 AM","20626.000","0.000","11.143","87.000","0.000","0.143","524101.131","0.000","283.137","2210.647","0.000","3.630","","","","","","","","","","","39355.000","237.012","","","","","","","7.770","","","","","82.490"
"FRO","Europe","Faeroe Islands","11/1/2022 12:00:00 AM","34658.000","0.000","0.000","28.000","0.000","0.000","652484.139","0.000","0.000","527.138","0.000","0.000","","","","","","","","","","","53117.000","35.308","","","","","","","","","","","","80.670"
"KHM","Asia","Cambodia","11/1/2022 12:00:00 AM","137992.000","1.000","1.857","3056.000","0.000","0.000","8229.558","0.060","0.111","182.254","0.000","0.000","","","","","","","","","","","16767851.000","90.672","25.600","4.412","2.385","3645.070","","270.892","4.000","2.000","33.700","66.229","","69.820"
"SMR","Europe","San Marino","11/1/2022 12:00:00 AM","21604.000","0.000","11.143","119.000","0.000","0.000","641258.534","0.000","330.747","3532.205","0.000","0.000","","","","","","","","","","","33690.000","556.667","","","","56861.470","","","5.640","","","","","84.970"
"MRT","Africa","Mauritania","11/1/2022 12:00:00 AM","63374.000","10.000","10.000","997.000","0.000","0.000","13380.922","2.111","2.111","210.509","0.000","0.000","","","","","","","","","","","4736146.000","4.289","20.300","3.138","1.792","3597.633","6.000","232.347","2.420","","","15.950","","64.920"
"MAR","Africa","Morocco","11/1/2022 12:00:00 AM","1265650.000","49.000","31.286","16281.000","0.000","0.000","33788.531","1.308","0.835","434.647","0.000","0.000","","","","","","","","","","","37457976.000","80.080","29.600","6.769","4.209","7485.013","1.000","419.146","7.140","0.800","47.100","","","76.680"
"BRA","South America","Brazil","11/1/2022 12:00:00 AM","34837035.000","8286.000","5387.286","688219.000","62.000","72.714","161796.796","38.483","25.021","3196.358","0.288","0.338","","","","","","","","","","","215313504.000","25.040","33.500","8.552","5.060","14103.452","3.400","177.961","8.110","10.100","17.900","","","75.880"
"GMB","Africa","Gambia","11/1/2022 12:00:00 AM","12580.000","0.000","10.286","372.000","0.000","0.000","4648.937","0.000","3.801","137.473","0.000","0.000","","","","","","","","","","","2705995.000","207.566","17.500","2.339","1.417","1561.767","10.100","331.430","1.910","0.700","31.200","7.876","","62.050"
"CYP","Europe","Cyprus","11/1/2022 12:00:00 AM","599118.000","","","1194.000","0.000","0.429","668653.258","","","1332.579","0.000","0.478","","","","","","","","","","","896007.000","127.657","37.300","13.416","8.563","32415.132","","141.171","9.240","19.600","52.700","","","80.980"
"CZE","Europe","Czechia","11/1/2022 12:00:00 AM","4158331.000","1408.000","1883.571","41602.000","22.000","11.143","396258.335","134.172","179.490","3964.364","2.096","1.062","","","","","","","","","","","10493990.000","137.176","43.300","19.027","11.580","32605.906","","227.485","6.820","30.500","38.300","","","79.380"
"BRB","North America","Barbados","11/1/2022 12:00:00 AM","103424.000","410.000","58.571","560.000","0.000","0.000","367212.742","1455.728","207.961","1988.312","0.000","0.000","","","","","","","","","","","281646.000","664.463","39.800","14.952","9.473","16978.068","","170.050","13.570","1.900","14.500","88.469","","79.190"
"KOR","Asia","South Korea","11/1/2022 12:00:00 AM","25670407.000","54740.000","39178.857","29239.000","30.000","28.000","495416.515","1056.434","756.118","564.287","0.579","0.540","","","","","","","","","","","51815808.000","527.967","43.400","13.914","8.622","35938.374","0.200","85.998","6.800","6.200","40.900","","","83.030"
"NPL","Asia","Nepal","11/1/2022 12:00:00 AM","1000585.000","29.000","10.857","12019.000","0.000","0.000","32754.961","0.949","0.355","393.452","0.000","0.000","","","","","","","","","","","30547586.000","204.430","25.000","5.809","3.212","2442.804","15.000","260.797","7.260","9.500","37.800","47.782","","70.780"
"IMN","Europe","Isle of Man","11/1/2022 12:00:00 AM","38008.000","0.000","0.000","116.000","0.000","0.000","449617.905","0.000","0.000","1372.229","0.000","0.000","","","","","","","","","","","84534.000","147.872","","","","","","","","","","","","81.400"
"BEN","Africa","Benin","11/1/2022 12:00:00 AM","27782.000","0.000","0.000","163.000","0.000","0.000","2080.602","0.000","0.000","12.207","0.000","0.000","","","","","","","","","","","13352864.000","99.110","18.800","3.244","1.942","2064.236","49.600","235.848","0.990","0.600","12.300","11.035","","61.770"
"PAN","North America","Panama","11/1/2022 12:00:00 AM","990413.000","","","8509.000","0.000","0.429","224655.683","","","1930.099","0.000","0.097","","","","","","","","","","","4408582.000","55.133","29.700","7.918","5.030","22267.037","2.200","128.346","8.330","2.400","9.900","","","78.510"
"SWE","Europe","Sweden","11/1/2022 12:00:00 AM","2611580.000","","","20659.000","","","247558.404","","","1958.320","","","","","","","","","","","","","10549349.000","24.718","41.000","19.985","13.433","46949.283","0.500","133.982","4.790","18.800","18.900","","","82.800"
"TLS","Asia","Timor","11/1/2022 12:00:00 AM","23301.000","0.000","0.143","138.000","0.000","0.000","17371.978","0.000","0.107","102.885","0.000","0.000","","","","","","","","","","","1341298.000","87.176","18.000","3.556","1.897","6570.102","30.300","335.346","6.860","6.300","78.100","28.178","","69.500"
"POL","Europe","Poland","11/1/2022 12:00:00 AM","6341296.000","861.000","680.286","118131.000","7.000","11.571","159100.612","21.602","17.068","2963.860","0.176","0.290","","","","","","","","","","","39857144.000","124.027","41.800","16.763","10.202","27216.445","","227.331","5.910","23.300","33.100","","","78.730"
"BWA","Africa","Botswana","11/1/2022 12:00:00 AM","326344.000","0.000","0.000","2790.000","0.000","0.000","124071.019","0.000","0.000","1060.716","0.000","0.000","","","","","","","","","","","2630300.000","4.044","25.800","3.941","2.242","15807.374","","237.372","4.810","5.700","34.400","","","69.590"
"PYF","Oceania","French Polynesia","11/1/2022 12:00:00 AM","76758.000","0.000","3.857","649.000","0.000","0.000","250603.999","0.000","12.593","2118.893","0.000","0.000","","","","","","","","","","","306292.000","77.324","32.700","7.775","4.593","","","","22.630","","","","","77.660"
"CYM","North America","Cayman Islands","11/1/2022 12:00:00 AM","31006.000","0.000","11.429","34.000","0.000","0.000","451180.117","0.000","166.301","494.747","0.000","0.000","","","","","","","","","","","68722.000","256.496","","","","49903.029","","","13.220","","","","","83.920"
"TCD","Africa","Chad","11/1/2022 12:00:00 AM","7627.000","0.000","1.000","194.000","0.000","0.000","430.337","0.000","0.056","10.946","0.000","0.000","","","","","","","","","","","17723312.000","11.833","16.700","2.486","1.446","1768.153","38.400","280.995","6.100","","","5.818","","54.240"
"ZMB","Africa","Zambia","11/1/2022 12:00:00 AM","333681.000","0.000","5.286","4017.000","0.000","0.000","16669.323","0.000","0.264","200.673","0.000","0.000","","","","","","","","","","","20017670.000","22.995","17.700","2.480","1.542","3689.251","57.500","234.499","3.940","3.100","24.700","13.938","","63.890"
"GEO","Asia","Georgia","11/1/2022 12:00:00 AM","1780691.000","0.000","0.000","16900.000","0.000","0.000","475563.010","0.000","0.000","4513.425","0.000","0.000","","","","","","","","","","","3744385.000","65.032","38.700","14.864","10.244","9745.079","4.200","496.218","7.110","5.300","55.500","","","73.770"
"ECU","South America","Ecuador","11/1/2022 12:00:00 AM","1008035.000","","","35920.000","","","55998.827","","","1995.444","","","","","","","","","","","","","18001002.000","66.939","28.100","7.104","4.458","10581.936","3.600","140.448","5.550","2.000","12.300","80.635","","77.010"
"EST","Europe","Estonia","11/1/2022 12:00:00 AM","607300.000","667.000","114.571","2748.000","9.000","1.286","457971.863","502.992","86.400","2072.298","6.787","0.970","","","","","","","","","","","1326064.000","31.033","42.700","19.452","13.491","29481.252","0.500","255.569","4.020","24.500","39.300","","","78.740"
"GIN","Africa","Guinea","11/1/2022 12:00:00 AM","38047.000","0.000","0.000","456.000","0.000","0.000","2745.223","0.000","0.000","32.902","0.000","0.000","","","","","","","","","","","13859349.000","51.755","19.000","3.135","1.733","1998.926","35.300","336.717","2.420","","","17.450","","61.600"
"ISR","Asia","Israel","11/1/2022 12:00:00 AM","4685434.000","983.000","841.000","11767.000","0.000","1.286","495865.594","104.032","89.004","1245.317","0.000","0.136","","","","","","","","","","","9449000.000","402.606","30.600","11.733","7.359","33132.320","0.500","93.320","6.740","15.400","35.400","","","82.970"
"YEM","Asia","Yemen","11/1/2022 12:00:00 AM","11939.000","0.000","0.000","2158.000","0.000","0.000","354.309","0.000","0.000","64.042","0.000","0.000","","","","","","","","","","","33696612.000","53.508","20.300","2.922","1.583","1479.147","18.800","495.003","5.350","7.600","29.200","49.542","","66.120"
"SOM","Africa","Somalia","11/1/2022 12:00:00 AM","27237.000","0.000","1.714","1361.000","0.000","0.000","1547.776","0.000","0.097","77.340","0.000","0.000","","","","","","","","","","","17597508.000","23.500","16.800","2.731","1.496","","","365.769","6.050","","","9.831","","57.400"
"MWI","Africa","Malawi","11/1/2022 12:00:00 AM","88073.000","0.000","0.000","2683.000","0.000","0.000","4316.179","0.000","0.000","131.485","0.000","0.000","","","","","","","","","","","20405318.000","197.519","18.100","2.979","1.783","1095.042","71.400","227.349","3.940","4.400","24.700","8.704","","64.260"
